Label_N;COREDE;CD_GEOCMU;IDESE_2013;POUPANCA;OP_CREDITO;OBRIGACOES _RECEBIMENTO;DEP_A_VISTA_PRIV;DEP_A_VISTA_GOV;DEP_PRAZO;COOP_CRED;CEF;BANCO_COM;N_VINCULOS_EMP;DENS_DEM_HABKM2;IMPOSTOS;AREA_KM2;PIB_PERC;PIB;POPULACAO
Alto Alegre;Alto da Serra do Botucaraí;4300554;0,797301507;;;;;;;;;;502;15,90283542;2894,464;114,445;30800;57164,798;1811
Barros Cassal;Alto da Serra do Botucaraí;4302006;0,610369771;7647609;27295139;5931;2019686;1291827;795466;;;2;1115;17,09518937;5116,998;648,896;12392,47;142240,751;11051
Campos Borges;Alto da Serra do Botucaraí;4304101;0,735205451;;;;;;;;;;610;15,31040083;4260,816;226,578;21369,18;76052,9;3679
Espumoso;Alto da Serra do Botucaraí;4307500;0,79296863;45673907;230697134;66237;5961499;1339496;21291570;1;1;3;4856;19,54499307;45015,841;783,065;35927,37;566574,63;15589
Fontoura Xavier;Alto da Serra do Botucaraí;4308300;0,633651405;13985159;54390691;4177;1633176;550883;4970880;;;3;1868;18,14504726;4949,119;583,465;12017,46;131531,053;10566
Gramado Xavier;Alto da Serra do Botucaraí;4309159;0,657841588;1119359;2073680;0;231993;320742;0;;;1;341;18,64153546;1172,871;217,525;14484,65;60372,014;3728
Ibirapuitã;Alto da Serra do Botucaraí;4309951;0,696839449;932485;2237948;0;274637;206817;0;;;1;551;13,21699253;3043,124;307,029;22411,95;93457,822;4120
Itapuca;Alto da Serra do Botucaraí;4310579;0,691619472;;;;;;;;;;186;12,50481685;543,16;184,249;18195,69;42905,444;2389
Jacuizinho;Alto da Serra do Botucaraí;4310876;0,738304107;;;;;;;;;;357;7,55017945;1540,577;338,535;30911,08;81079,756;2669
Lagoão;Alto da Serra do Botucaraí;4311254;0,617253135;437375;2733384;0;232429;14365;0;;;1;460;16,1491229;1529,994;386,956;13076,43;84565,257;5994
Mormaço;Alto da Serra do Botucaraí;4312427;0,746984222;;;;;;;;;;478;19,47860844;4384,41;146,109;27396,83;79615,175;2771
Nicolau Vergueiro;Alto da Serra do Botucaraí;4312674;0,812593513;;;;;;;;;;332;11,15389552;4396,117;155,82;43095,13;75976,716;1721
São José do Herval;Alto da Serra do Botucaraí;4318465;0,681225068;;;;;;;;;;443;20,91295323;2450,012;103,094;18310,19;40593,691;2123
Soledade;Alto da Serra do Botucaraí;4320800;0,702357314;71096880;192568238;31786;10477829;569163;27408288;1;1;3;7200;24,83167272;39388,882;1213,41;18413,98;573595,547;30823
Tio Hugo;Alto da Serra do Botucaraí;4321469;0,772492696;;;;;;;;;;814;24,59820022;7097,768;114,236;31689,8;91076,491;2900
Victor Graeff;Alto da Serra do Botucaraí;4323200;0,828749988;4897555;50134659;9706;1614958;560170;3402825;;;2;729;12,64515912;7281,612;238,273;47812,65;147788,896;3008
Boa Vista do Cadeado;Alto Jacuí;4302220;0,778647946;;;;;;;;;;471;3,475956423;5802,837;701,102;70423,75;177467,863;2512
Boa Vista do Incra;Alto Jacuí;4302238;0,756723425;29338;1031198;0;78512;0;0;;;1;541;4,925805061;4158,434;503,471;55524,39;140865,39;2462
Colorado;Alto Jacuí;4305603;0,837232335;6544730;52560927;5528;1317097;805990;3412071;;;2;680;12,35005013;6783,864;285,262;41714,65;149004,732;3376
Cruz Alta;Alto Jacuí;4306106;0,757371502;197670039;561575388;170742;39714623;1049581;93151537;2;1;7;22114;45,74564273;344514,246;1360,37;41081,33;2634381,37;64364
Fortaleza dos Valos;Alto Jacuí;4308458;0,815270773;4687876;82980182;67180;1509583;68948;5272231;;;2;1182;6,9472849;11474,643;650,326;47922,14;223029,659;4626
Ibirubá;Alto Jacuí;4310009;0,826332421;57137649;477055927;120118;17967789;923436;38687873;1;1;3;9378;32,2164312;113839,556;607,454;45696,6;919232,877;20383
Lagoa dos Três Cantos;Alto Jacuí;4311270;0,814636558;;;;;;;;;;418;11,71421358;3008,955;138,635;42386,67;69853,224;1901
Não-Me-Toque;Alto Jacuí;4312658;0,829604973;58835205;220182785;115381;19097311;391240;64886324;1;1;4;12540;44,99669589;182442,015;361,671;66693,24;1119445,962;17095
Quinze de Novembro;Alto Jacuí;4315354;0,791502225;;;;;;;;;;749;16,50882229;7439,944;223,638;35506,7;134712,415;3695
Saldanha Marinho;Alto Jacuí;4316436;0,795605108;4228345;54260929;24882;1174133;17618;2875692;;;1;593;12,65765664;7002,596;221,605;40865,69;118714,825;2868
Salto do Jacuí;Alto Jacuí;4316451;0,6732909;13996372;74934923;33563;4678144;1696700;9544766;;1;3;2165;23,43015591;11186,287;507,423;19125,62;236392,671;11351
Santa Bárbara do Sul;Alto Jacuí;4316709;0,776665303;9157734;160486720;60559;6443415;869698;25875325;;;2;2687;8,898962283;40342,145;975,507;58986,66;525276,221;8916
Selbach;Alto Jacuí;4320305;0,812476916;3951992;51755618;9257;1970842;656247;4006483;;;2;1468;27,85377332;15628,571;177,642;33123,58;169393,998;5042
Tapera;Alto Jacuí;4321006;0,773277721;18681312;112277684;57171;11927281;851807;12779501;1;1;3;3226;58,22600216;28649,431;179,662;28021,48;302323,796;10738
Aceguá;Campanha;4300034;0,718832327;654998;2123323;990;436095;211613;0;;;1;1075;2,921808229;7712,922;1549,383;38345,1;177844,553;4623
Bagé;Campanha;4301602;0,707993154;351703927;784951175;271569;74350400;1095223;181292632;2;2;9;31235;28,7134718;173910,457;4095,534;16940,81;2053819,654;122040
Caçapava do Sul;Campanha;4302808;0,663111661;90404335;152820365;78614;16646015;1751292;24944899;;1;4;7307;11,02912823;45395,535;3047,113;18021,5;624913,578;34781
Candiota;Campanha;4304358;0,705966712;10224744;27854538;654;4894069;335709;2005031;;;2;3045;9,692300773;20937,618;933,834;14958,7;137829,436;9049
Dom Pedrito;Campanha;4306601;0,695879119;113492827;274595910;93543;25814999;1138914;41387202;;1;5;9816;7,470009697;55022,909;5192,095;24472,77;977858,471;39570
Hulha Negra;Campanha;4309654;0,672452802;277035;1455352;0;371568;26715;0;;;1;2996;7,609682355;10383,644;822,899;19339,28;123500,615;6106
Lavras do Sul;Campanha;4311502;0,655226752;9407467;66070749;36737;4457483;466499;5347499;;;2;1504;2,919710836;5342,145;2600,6;22478,67;176727,325;7470
André da Rocha;Campos de Cima da Serra;4300661;0,822292276;;;;;;;;;;356;3,801730358;1904,824;324,326;78332,53;100108,972;1247
Bom Jesus;Campos de Cima da Serra;4302303;0,674416119;25598095;90799815;5812;4840123;1042590;10639517;;1;3;5293;4,372357526;11336,132;2624,671;21177,26;250378,699;11531
Campestre da Serra;Campos de Cima da Serra;4303673;0,723405355;20261483;16072199;1331;844028;90030;1274869;;;2;876;6,195167286;15066,736;538;27822,04;93899,384;3335
Esmeralda;Campos de Cima da Serra;4307401;0,732600499;10990637;57914271;85204;1903377;102090;2393824;;;2;652;3,851688307;5073,88;829,766;39896,5;131139,791;3187
Ipê;Campos de Cima da Serra;4310439;0,735565922;31772464;37302136;12445;3918707;704462;2349935;;;2;1746;10,28457381;5503,146;599,247;25011,74;158424,341;6152
Monte Alegre dos Campos;Campos de Cima da Serra;4312377;0,646021404;;;;;;;;;;618;5,679048277;1546,115;549,74;13306,81;42861,247;3093
Muitos Capões;Campos de Cima da Serra;4312617;0,747305831;;;;;;;;;;1113;2,488457182;8346,522;1197,931;101313,12;315691,692;2893
Pinhal da Serra;Campos de Cima da Serra;4314464;0,730987276;;;;;;;;;;527;4,863069213;31446,895;437,995;102491,9;220460,083;2259
São José dos Ausentes;Campos de Cima da Serra;4318622;0,687958849;8421912;45244987;4295;1275236;236734;3020186;;;2;1896;2,85362116;1726,99;1173,947;22119,62;76113,599;3317
Vacaria;Campos de Cima da Serra;4322509;0,698390705;288361174;739193154;260552;47687640;1101474;129346731;;1;6;49455;29,39542931;163026,474;2124,582;25759,85;1655121,841;65191
Barra do Guarita;Celeiro;4301859;0,664393723;;;;;;;;;;301;48,77442605;1044,678;64,378;10663,61;34294,156;3162
Bom Progresso;Celeiro;4302378;0,697100995;;;;;;;;;;531;25,44483384;2137,968;88,741;19616,99;45334,866;2477
Braga;Celeiro;4302600;0,687576207;;;;;;;;;;472;28,18004217;3965,598;128,992;18738,35;69987,741;3699
Campo Novo;Celeiro;4304002;0,727727931;4601700;60432075;67260;1450072;234695;3278178;2;;2;1236;23,56432344;12614,795;222,073;27305,86;147560,872;5337
Chiapetta;Celeiro;4305405;0,778016204;1393504;9468611;0;1711631;276142;1248;;;1;1001;10,2054969;5528,205;396,551;39562,84;162207,642;4246
Coronel Bicaco;Celeiro;4305900;0,698411792;6642667;77530988;55841;1958407;183907;10497981;;;2;1090;15,46155034;9230,252;492,124;27661,97;218114,652;7772
Crissiumal;Celeiro;4306007;0,737361607;38206579;94715807;26040;5834837;888999;4710777;;1;2;3536;38,33770537;14608,703;362,15;17303,24;248474,575;14282
Derrubadas;Celeiro;4306320;0,696333938;496670;1026232;0;133794;114430;0;;;1;413;8,563146631;2279,537;361,199;22469,47;71879,832;3135
Esperança do Sul;Celeiro;4307450;0,646283165;;;;;;;;;;359;21,62031015;2011,138;148,379;17397,23;57254,283;3475
Humaitá;Celeiro;4309704;0,76115713;6573320;8936031;0;2371859;536615;0;1;;1;1166;36,1452053;6197,996;134,513;23785,5;119641,055;5049
Inhacorá;Celeiro;4310413;0,675038151;;;;;;;;;;346;19,81404071;1900,295;114,111;21219,78;49314,762;2415
Miraguaí;Celeiro;4312302;0,758644682;2088809;10667219;0;1298036;560863;0;;;1;1824;37,73440196;10974,162;130,385;23822,33;118873,444;5077
Redentora;Celeiro;4315404;0,598789156;2173972;14759395;587;1147004;41063;449380;;;2;776;35,05682569;4587,441;302,68;12000,68;130147,344;10697
Santo Augusto;Celeiro;4317806;0,760714536;35997943;237695390;70203;8422912;2115742;10220155;;1;3;3981;29,90147489;27327,613;468,104;28442,78;408580,48;14608
São Martinho;Celeiro;4319109;0,774562363;8760705;47544353;43357;3693946;120051;934840;;;2;1409;33,26304016;14109,516;171,662;29813,72;174946,933;5935
São Valério do Sul;Celeiro;4319737;0,656729315;;;;;;;;;;245;25,23849217;676,13;107,97;17207,65;47200,58;2989
Sede Nova;Celeiro;4320230;0,753830394;;;;;;;;;;539;25,12217407;4479,472;119,297;26519,68;81627,564;3061
Tenente Portela;Celeiro;4321402;0,72079907;33892953;121080933;29604;9256863;1851573;12820007;1;1;3;2927;40,18539826;15923,885;338,083;18597,66;261762,106;14306
Tiradentes do Sul;Celeiro;4321477;0,697360246;553503;2210646;0;223875;68079;0;1;;1;605;26,67997254;5191,86;234,483;15004,52;97289,325;6200
Três Passos;Celeiro;4321907;0,759109254;106276320;268894397;67818;17166966;415287;20905694;;1;3;7660;89,37912637;53208,748;268,396;21965,31;541774,263;25231
Vista Gaúcha;Celeiro;4323705;0,772650479;;;;;;;;;;548;31,34616035;1736,935;88,719;18804,86;53819,512;2839
Agudo;Central;4300109;0,702817421;60413751;129527759;28351;7005194;593901;5826631;1;1;3;3374;31,04563582;26733,502;536,114;20612,1;353724,193;17044
Dilermando de Aguiar;Central;4306379;0,699993734;559630;1608377;0;143166;58339;0;;;1;471;5,078711706;1380,48;600,546;28500,71;89606,217;2930
Dona Francisca;Central;4306700;0,746247785;4546747;5152904;0;696052;224075;0;;;1;554;28,99095727;3002,17;114,346;17591,98;60182,163;3319
Faxinal do Soturno;Central;4308003;0,744964566;53482566;131100661;56586;6357635;651237;12702712;1;1;2;1846;38,99306659;11713,063;169,902;21145,55;145291,096;6792
Formigueiro;Central;4308409;0,69815614;9173768;40100897;2545;1499315;343734;2681580;;;2;1098;11,97273488;7255,586;581,989;18567,54;132646,48;6768
Itaara;Central;4310538;0,736129332;;;;;;;;;;795;29,60881906;3298,685;172,989;14339,77;75541,889;5133
Ivorá;Central;4310751;0,745042862;10671853;65648014;35759;1703449;16200;3979950;;;1;250;16,99341088;911,582;122,93;19805,26;42898,184;2121
Jari;Central;4311130;0,687529734;470266;2910001;0;260003;12882;0;;;1;552;4,139145339;1901,016;856,457;41726,02;152925,876;3566
Júlio de Castilhos;Central;4311205;0,767111456;45818816;241559522;216857;12608136;1087366;14342861;;1;3;4908;10,05296517;71706,419;1929,381;39894,54;801760,526;19722
Nova Palma;Central;4313102;0,775127503;18350277;153441110;135192;3518174;275131;5862069;1;;2;1340;20,16541895;14212,237;313,507;25642,01;168442,363;6310
Pinhal Grande;Central;4314472;0,696780934;4204323;38999571;21635;843363;121818;2979782;;;2;645;9,274299188;4877,968;477,125;27882,77;127619,42;4369
Quevedos;Central;4315321;0,711831865;839798;2035178;320;381679;27908;0;;;1;394;5,064791418;4959,969;543,359;45051,22;126458,784;2798
Santa Maria;Central;4316907;0,745122538;1112481671;2568789882;1229314;231952801;5410442;609860887;3;8;25;103319;149,0119023;549309,33;1781,757;20847,16;5701469,959;274411
São João do Polêsine;Central;4318432;0,762971551;8711336;52818123;9021;2738798;162384;4069175;;;1;755;32,61102768;3492,189;79,237;19027,1;50555,014;2729
São Martinho da Serra;Central;4319125;0,689001773;1702851;2444126;109;238619;7647;0;;;1;330;4,800260475;5329,139;669,547;45519,95;150352,388;3132
São Pedro do Sul;Central;4319406;0,671299281;68831346;187467789;68186;8251557;811435;13016220;;1;3;2676;18,58645845;18825,641;873,593;15951,53;268256,882;16701
Silveira Martins;Central;4320651;0,698135795;6266453;4035646;0;1269040;120065;0;;;1;421;20,41040643;1576,68;118,273;15598,05;38917,143;2439
Toropi;Central;4321493;0,716296364;;;;;;;;;;326;14,26762638;2331,852;202,977;17891,49;53799,717;2684
Tupanciretã;Central;4322202;0,736013474;40596056;440777804;142822;12776102;205015;14677419;;1;3;5555;10,01749665;61238,544;2251,86;42574,11;992572,836;22336
Arambaré;CentroSul;4300851;0,683060901;;;;;;;;;;819;7,198665444;2596,583;519,124;27274,37;103042,557;3929
Arroio dos Ratos;CentroSul;4301107;0,646597987;31052141;45546690;6748;6910565;252350;5236849;;1;2;2878;32,19989998;10584,531;425,933;12322,51;174141,778;13956
Barão do Triunfo;CentroSul;4301750;0,63639059;5070846;4550975;0;441827;18335;0;;;1;789;16,32466;2931,389;436,395;12585,23;92262,293;6874
Barra do Ribeiro;CentroSul;4301909;0,650304583;20885527;65361159;5112;4796663;343657;9190685;;;3;3637;17,52114005;17141,374;728,948;16749,89;220261,119;12984
Butiá;CentroSul;4302709;0,663342624;53576179;93132391;33020;10536052;792490;6861793;;1;3;5320;27,23041767;16712,535;752,247;15597,56;329592,078;20775
Camaquã;CentroSul;4303509;0,701012446;204878543;489785694;97827;52620883;11328812;93740832;;1;6;16826;37,76867683;160491,08;1679,434;22645,17;1481197,752;65307
Cerro Grande do Sul;CentroSul;4305173;0,623630633;6197270;14445494;645;2448668;388161;1136839;;;3;1235;32,91675519;8285,721;324,789;12082,17;133048,891;10464
Charqueadas;CentroSul;4305355;0,762071587;55060107;102560195;105667;16428139;556940;3595218;1;1;3;11864;168,6280668;100762,074;216,512;26789,06;1006974,093;36620
Chuvisca;CentroSul;4305447;0,629649696;5560205;27751124;34019;2034928;70;4270447;;;1;362;22,91457833;4797,004;220,471;18558,54;96522,986;5038
Cristal;CentroSul;4306056;0,629496674;4625173;10600818;973;923658;627172;112716;;;2;3041;10,94443426;7627,031;681,625;17948,33;137466,257;7696
Dom Feliciano;CentroSul;4306502;0,570708257;35058946;66536301;60686;3530579;273449;7908462;;;3;1210;10,74716979;8676,001;1356,171;12116,4;182206,469;14524
Mariana Pimentel;CentroSul;4311981;0,676146232;2024341;1271951;0;391250;22782;747;;;1;417;11,27616995;1908,489;337,792;12113,47;47315,198;3900
Minas do Leão;CentroSul;4312252;0,657948457;4109491;8286932;0;1298424;62718;0;;;1;1969;18,30140524;14203,004;424,339;15436,67;122814,168;7787
São Jerônimo;CentroSul;4318408;0,685355593;84162947;143493045;68292;9956621;236135;16962071;;1;3;5375;24,17300761;33369;936,375;17762,82;413216,412;23022
Sentinela do Sul;CentroSul;4320354;0,654807989;;;;;;;;;;908;18,76480685;2688,446;281,964;13378,1;72750,101;5119
Sertão Santana;CentroSul;4320552;0,716294128;29597323;79557570;9071;2321491;6118258;5806195;;1;1;763;23,77236973;9405,529;251,847;19186,55;118304,239;6025
Tapes;CentroSul;4321105;0,666147802;58163229;136279123;47846;8695601;773517;8700747;;1;3;3072;20,72067826;15307,096;806,296;15732,73;271751,493;17180
Alecrim;Fronteira Noroeste;4300307;0,677111834;11317058;14649086;265;1754832;150166;740890;;;2;690;21,62716883;3193,931;314,743;12020,22;84261,712;6905
Alegria;Fronteira Noroeste;4300455;0,713260548;1285523;3192802;593;247092;772762;0;;;1;487;23,71328639;3778,965;172,688;17556,67;74510,494;4227
Boa Vista do Buricá;Fronteira Noroeste;4302204;0,789958525;11401030;57944389;7803;2939448;1275344;3548375;;;2;2216;60,36861274;9283,168;108,732;21817,45;148358,644;6746
Campina das Missões;Fronteira Noroeste;4303707;0,695128037;5199343;8292995;0;1011387;151795;0;;;1;960;26,6608198;4084,624;225,762;16593,42;102149,068;6451
Cândido Godói;Fronteira Noroeste;4304309;0,773594629;12926190;94794206;14256;3452867;476396;7282321;;;2;1306;26,10891845;11747,763;246,276;24640,43;163957,429;6416
Doutor Maurício Cardoso;Fronteira Noroeste;4306734;0,741980729;12406990;72212383;23408;2927982;292241;8689432;;;3;865;20,1353437;6054,723;252,69;27438,3;145450,425;4957
Horizontina;Fronteira Noroeste;4309605;0,83161893;93667665;219220551;34700;18702074;264348;26632873;;1;4;8071;79,63832826;341723,634;232,476;84842,04;1621501,095;18749
Independência;Fronteira Noroeste;4310405;0,731616413;7428198;35911283;28627;1817669;80503;3339774;;;2;1208;18,34164247;9901,575;357,438;25578,48;171733,94;7017
Nova Candelária;Fronteira Noroeste;4313011;0,803012807;;;;;;;;;;863;28,29311173;10585,329;97,833;35969,43;101505,737;2813
Novo Machado;Fronteira Noroeste;4313425;0,734911242;;;;;;;;;;416;17,327559;3650,382;218,669;22475,43;87811,491;3531
Porto Lucena;Fronteira Noroeste;4315008;0,676616082;6635576;9866532;0;1556329;518532;0;1;;1;785;20,92947001;2655,364;250,078;14468,41;78274,111;5464
Porto Mauá;Fronteira Noroeste;4315057;0,725923437;;;;;;;;;;286;23,73035496;1339,796;105,561;15892,85;40987,66;2462
Porto Vera Cruz;Fronteira Noroeste;4315073;0,700917715;;;;;;;;;;194;15,19631135;680,981;113,646;16355,78;29391,341;1624
Santa Rosa;Fronteira Noroeste;4317202;0,782919004;219709579;649625325;89412;52214385;1439828;175835129;;2;6;34587;142,3198951;272639,441;489,798;31205,1;2236313,437;72217
Santo Cristo;Fronteira Noroeste;4317905;0,766105757;52110392;159673324;49288;9097692;337669;8357766;1;1;2;3998;39,05845412;41064,908;366,886;26323,17;389003,863;14753
São José do Inhacorá;Fronteira Noroeste;4318499;0,802279786;;;;;;;;;;634;28,05696219;3952,82;77,806;28648,94;64087,68;2220
Senador Salgado Filho;Fronteira Noroeste;4320321;0,732975365;;;;;;;;;;629;18,96623168;3037,897;147,209;23809,68;68809,985;2777
Três de Maio;Fronteira Noroeste;4321808;0,799365037;101888965;285603537;119359;18226876;798564;20993599;1;1;3;8413;56,14427354;58309,445;422,198;26913,58;658602,202;24538
Tucunduva;Fronteira Noroeste;4322103;0,794695519;10977302;85816333;50330;4233295;207970;8681565;;;2;1219;32,26609295;11700,137;180,809;25373,86;152852,117;6008
Tuparendi;Fronteira Noroeste;4322301;0,77472292;17884967;69441347;34551;3788640;566666;4269231;;;2;1747;27,22994319;14206,497;307,676;23730,82;205580,095;8538
Alegrete;Fronteira Oeste;4300406;0,726877131;143979215;747409945;232866;42122392;1138492;63194800;;1;6;20091;9,793753269;96877,929;7803,954;19027,03;1504162,555;78056
Barra do Quaraí;Fronteira Oeste;4301875;0,703282086;;;;;;;;;;803;3,864060075;4795,81;1056,143;32038,37;133792,229;3579
Itacurubi;Fronteira Oeste;4310553;0,665555869;66439;1025339;0;125528;251404;0;;;1;535;3,052974732;1586,568;1120,874;19177,26;68060,105;3474
Itaqui;Fronteira Oeste;4310603;0,694853782;52950632;318163991;52096;13424531;709232;18826176;1;1;4;11023;11,2019934;72413,346;3404,037;25694,33;1006523,945;39201
Maçambara;Fronteira Oeste;4311718;0,717318776;393992;3521199;0;237800;208061;275;;;1;774;2,826208388;5385,986;1682,82;37889,69;183575,571;4427
Manoel Viana;Fronteira Oeste;4311759;0,68148364;3043958;9014673;0;2158223;13136;0;;;1;1206;5,062932517;4600,698;1390,696;23861,76;174978,28;6763
Quaraí;Fronteira Oeste;4315305;0,662872955;46121179;124016313;9776;6632518;1509146;8157806;;1;3;3989;7,257201604;16259,472;3147,632;13359,25;315692,362;22603
Rosário do Sul;Fronteira Oeste;4316402;0,674527519;74864259;293883737;66461;15051351;681909;28898596;;1;3;9216;9,066860977;39447,976;4369,649;17220,86;703041,65;40814
Santa Margarida do Sul;Fronteira Oeste;4316972;0,700205968;;;;;;;;;;532;2,528004321;4177,251;955,299;51753,97;127780,549;2483
Santana do Livramento;Fronteira Oeste;4317103;0,664857134;198521621;514076147;56610;48590014;1280446;103778862;1;1;6;19211;11,64545;89521,745;6950,354;15680,91;1312523,842;83494
São Borja;Fronteira Oeste;4318002;0,70522455;135520002;541070420;117515;39902280;1687813;126960189;;1;6;16412;16,87269895;121685,42;3616,019;23325,87;1474054,792;62726
São Gabriel;Fronteira Oeste;4318309;0,657582524;141679524;408212051;249142;29964991;1579149;44442220;;1;6;12887;12,05914781;84063,608;5023,821;18770,25;1174904,847;62069
Uruguaiana;Fronteira Oeste;4322400;0,668546396;216153085;876174148;79085;64868696;977196;124635839;;1;8;32091;22,03712785;180174,31;5715,763;16065,35;2080526,828;128580
Cambará do Sul;Hortênsias;4303608;0,679013896;7963192;12232799;0;2387776;1099519;0;;;1;2352;5,43417557;4709,407;1208,647;16305,5;109442,52;6312
Canela;Hortênsias;4304408;0,701416739;117867042;197631870;34798;24226143;227001;47921884;;1;5;14778;159,6708857;58031,199;253,772;17234,77;718379,546;42402
Gramado;Hortênsias;4309100;0,803882082;193324059;301550268;76944;46727491;592684;137014453;;1;7;29379;139,5426087;161790,413;237,827;39316,64;1341090,44;34943
Jaquirana;Hortênsias;4311122;0,576863819;4557450;19678638;931;1073093;84964;2548248;;;1;849;4,508026997;2345,084;907,936;12995,35;54567,466;4012
Nova Petrópolis;Hortênsias;4313201;0,815987142;147019399;249800319;63886;21875367;972171;93007741;1;1;3;10141;67,10607621;65233,357;291,3;28017,43;563878,888;20561
Picada Café;Hortênsias;4314423;0,826597649;12455219;30239856;863;3201959;160867;10016835;;;2;5221;62,54037231;52780,924;85,145;54897,85;299852,052;5465
São Francisco de Paula;Hortênsias;4318200;0,650379887;71684148;121270855;24802;9690091;2969346;8302070;;1;3;6587;6,360321032;19389,814;3272,948;19036,21;407527,258;21336
Cachoeira do Sul;JacuíCentro;4303004;0,709108963;277654653;512557170;139941;43509816;1557131;90630228;1;1;7;21749;22,29995791;134106,329;3735,164;21095,8;1813289,229;86339
Cerro Branco;JacuíCentro;4305132;0,676624373;5155557;4899632;0;981019;160052;0;;;1;545;28,35637578;1592,071;158,765;13066,3;60614,584;4244
Novo Cabrais;JacuíCentro;4313391;0,695434176;1713054;2079024;0;238768;163082;0;;;1;425;20,43798657;2254,497;192,289;16820,53;68039,051;3812
Paraíso do Sul;JacuíCentro;4314027;0,656539984;22350049;60985716;24693;2288791;864577;4295315;;;3;779;21,76461186;4805,458;337,842;15664,09;119282,027;7318
Restinga Seca;JacuíCentro;4315503;0,680360789;47973604;117895558;14926;5232524;456873;17672171;;1;3;2941;16,25303563;16950,123;968,496;19692,26;322106,296;15968
São Sepé;JacuíCentro;4319604;0,70937756;49544564;152849776;39317;7687105;467588;10530051;1;1;3;4745;10,73344203;33664,162;2200,692;22467,98;549679,159;23772
Vila Nova do Sul;JacuíCentro;4323457;0,689293678;4460155;22132211;4345;941764;1919;1733023;;;2;761;8,333628643;3993,509;507,942;17820,03;77677,528;4152
Arroio do Sal;Litoral;4301057;0,707326454;10238334;9937670;0;2801351;562357;0;;;1;3110;68,23144105;10493,885;120,912;18000,26;152786,208;8555
Balneário Pinhal;Litoral;4301636;0,645691171;10907060;13627456;0;3022940;220351;0;;;1;2384;111,6165656;8459,414;103,757;12783,49;152059,558;11651
Capão da Canoa;Litoral;4304630;0,71936877;136363402;247674064;35386;36691473;5964705;50756010;;1;5;21830;457,6416066;68513,351;97,1;20709,18;947320,795;46498
Capivari do Sul;Litoral;4304671;0,801027458;9912143;55051458;7757;6640187;537418;6825423;;;2;1754;9,852419621;18122,106;412,792;42429,82;177229,352;4195
Caraá;Litoral;4304713;0,648776382;5566814;3075409;0;569050;350845;0;;;1;1574;25,58073953;1837,057;294,323;10121,52;78360,84;7452
Cidreira;Litoral;4305454;0,648221511;14469496;21391668;268;3264174;116509;101891;;;2;3029;55,27380686;10293,729;245,885;14376,6;199029,675;13749
Dom Pedro de Alcântara;Litoral;4306551;0,670246832;;;;;;;;;;559;31,23160777;2316,561;78,158;15670,21;41102,966;2459
Imbé;Litoral;4310330;0,702674357;19290963;42393002;5775;4677183;31640;1063951;;1;2;7504;479,1724838;19923,783;39,395;17242,19;333429,386;19729
Itati;Litoral;4310652;0,709447536;;;;;;;;;;437;12,36286308;991,531;206,91;21603,6;56709,44;2568
Mampituba;Litoral;4311734;0,639378643;;;;;;;;;;270;18,5600304;786,918;157,92;11372,85;35107,994;2916
Maquiné;Litoral;4311775;0,635915946;13435104;3914974;0;1670635;15602;0;;;1;959;11,02310783;3608,04;621,694;12077,24;85361,936;6619
Morrinhos do Sul;Litoral;4312443;0,704030103;;;;;;;;;;378;18,88286459;1808,684;165,441;14466,77;46655,334;3297
Mostardas;Litoral;4312500;0,730279076;28243345;70399270;11874;5199309;290443;2709286;;1;2;3204;6,184593786;8491,294;1982,992;20527,17;259401,857;12317
Osório;Litoral;4313508;0,760219861;200910125;307916475;62828;37789364;1588236;65185268;;1;6;18285;63,23543596;79421,331;663,552;23859,69;1032074,851;44115
Palmares do Sul;Litoral;4313656;0,735491163;23354861;99289189;11664;6888698;2234235;4721471;;1;4;3270;11,66550254;32003,549;949,209;23374,13;265810,663;11389
Terra de Areia;Litoral;4321436;0,652834214;31265801;16191966;13;5895420;488353;1514348;;;3;2939;72,29867464;11907,224;141,773;13026,17;136344,911;10670
Torres;Litoral;4321501;0,734025213;164694461;226973574;37874;35214575;1898227;37549630;1;1;5;14937;221,1129449;48437,225;160,565;19966,52;730674,713;37001
Tramandaí;Litoral;4321600;0,638022742;140953646;234092517;47397;24572194;1213926;32358387;;1;5;15485;301,6453382;46478,231;144,408;15926,04;717929,865;45906
Três Cachoeiras;Litoral;4321667;0,697382984;36423245;53369129;8439;8204889;892258;5458404;;;4;3211;41,39680871;10314,882;251,058;15167,3;162396,26;10509
Três Forquilhas;Litoral;4321832;0,671527343;;;;;;;;;;449;13,23305364;1017,456;217,259;14240,29;42051,577;2908
Xangri-lá;Litoral;4323804;0,707583772;4635485;8656621;0;1470508;76686;0;;;1;6148;221,1639863;19108,834;60,688;22553,18;308730,44;13412
Alpestre;Médio Alto Uruguai;4300505;0,702367684;10100747;10696207;52;871804;163365;241633;;;2;831;23,65396641;3865,815;324,639;14005,36;110236,181;7630
Ametista do Sul;Médio Alto Uruguai;4300646;0,679309563;1851174;5134337;0;727941;181165;0;;;1;1208;78,61803401;3965,074;93,49;9596,81;72551,921;7412
Caiçara;Médio Alto Uruguai;4303400;0,736933018;8201021;5248214;0;469482;616904;0;;;1;580;26,58520214;1717,963;189,203;15650,42;80568,382;5020
Cristal do Sul;Médio Alto Uruguai;4306072;0,668197156;;;;;;;;;;376;29,16645346;964,575;97,715;15553,6;45338,737;2906
Dois Irmãos das Missões;Médio Alto Uruguai;4306429;0,758089592;;;;;;;;;;487;9,517859279;3111,526;225,681;40785,17;89401,089;2170
Erval Seco;Médio Alto Uruguai;4307302;0,718770299;8268670;56663384;33219;2317398;48620;4065596;;;2;1032;21,08312059;12120,05;363,893;24455,95;193177,535;7915
Frederico Westphalen;Médio Alto Uruguai;4308508;0,77103552;170043264;329829959;88166;26340475;2069028;54694419;1;1;3;13411;110,6175654;76597,811;264,976;26114,21;789981,063;30055
Gramado dos Loureiros;Médio Alto Uruguai;4309126;0,739968196;;;;;;;;;;259;17,09336662;721,824;131,396;17578,91;40343,588;2291
Iraí;Médio Alto Uruguai;4310504;0,698729361;14984235;34292617;7508;1849907;16021;3016218;;;2;1049;43,48979344;5886,906;180,962;15193,49;123553,495;7996
Nonoai;Médio Alto Uruguai;4312708;0,72727245;19675402;85455174;38336;6264892;953040;13510089;;;3;2592;25,49732146;21785,825;468,912;22906,93;282854,828;11753
Novo Tiradentes;Médio Alto Uruguai;4313441;0,704382747;;;;;;;;;;260;29,88222187;1256,495;75,396;18149,39;42288,073;2178
Palmitinho;Médio Alto Uruguai;4313805;0,726573026;9031003;81978313;9054;3055088;581010;3191977;;;2;1570;47,99194696;5021,097;144,045;18182,33;130112,787;6976
Pinhal;Médio Alto Uruguai;4314456;0,746731444;;;;;;;;;;914;37,26835562;2576,461;68,208;21704,38;56474,795;2486
Pinheirinho do Vale;Médio Alto Uruguai;4314498;0,742385302;1034344;5335766;0;158961;306981;0;;;1;597;43,15797447;1731,323;105,612;13825,72;65188,266;4331
Planalto;Médio Alto Uruguai;4314704;0,685617577;18397397;65177115;15288;2795072;809995;9971162;;;3;1658;45,16535023;7450,23;230,42;12734,42;136754,988;10753
Rio dos Índios;Médio Alto Uruguai;4315552;0,707691366;;;;;;;;;;341;14,52927528;2689,76;235,318;20174,23;71235,205;3273
Rodeio Bonito;Médio Alto Uruguai;4315909;0,728045937;5257535;12591830;0;3173173;386886;0;1;;1;1591;69,95276386;10093,664;83,199;19276,7;114542,166;5901
Seberi;Médio Alto Uruguai;4320206;0,72787585;12789763;125985001;84292;6000565;818031;12574340;;;3;2486;35,81381461;17540,398;301,42;23134,68;258830,77;11137
Taquaruçu do Sul;Médio Alto Uruguai;4321329;0,741064441;;;;;;;;;;654;38,58215461;6049,51;76,849;25568,8;78700,767;3081
Trindade do Sul;Médio Alto Uruguai;4321956;0,695590158;2753130;4879631;0;984128;806654;0;;;1;1156;21,60816938;8435,121;268,417;21570,77;128604,943;5879
Vicente Dutra;Médio Alto Uruguai;4323101;0,662525423;3862302;4319803;0;900750;328218;0;;;1;417;26,79547279;1370,874;193,055;14623,56;77578,005;5315
Vista Alegre;Médio Alto Uruguai;4323507;0,776603592;;;;;;;;;;427;36,26621909;2181,548;77,455;18228,74;52845,125;2756
Alvorada;Metropolitano Delta do Jacuí;4300604;0,567625057;206066290;332748402;78578;40303539;4139843;57554119;;2;6;35636;2807,084461;161886,122;71,311;9730,61;1992341,693;210326
Cachoeirinha;Metropolitano Delta do Jacuí;4303103;0,754008281;360281668;763945425;85867;79564858;456223;147355575;;2;13;75907;2757,712754;2147160,542;44,018;45379,61;5648490,296;126586
Eldorado do Sul;Metropolitano Delta do Jacuí;4306767;0,693679243;30339962;95677361;14074;11624711;993814;5972663;;1;3;21347;70,52808764;175340,083;509,726;26003,99;959833,418;36554
Glorinha;Metropolitano Delta do Jacuí;4309050;0,747037688;;;;;;;;;;12344;22,154177;42394,949;323,641;48638,83;358176,364;7331
Gravataí;Metropolitano Delta do Jacuí;4309209;0,716310752;523482437;1006017244;120082;120858734;750150;293945523;1;3;17;89981;565,304348;1892167,988;463,499;37904,83;10197231,91;270598
Guaíba;Metropolitano Delta do Jacuí;4309308;0,728060984;223474836;330009192;81749;44004626;1229228;100588919;;1;7;25546;254,908515;1462264,277;376,947;42298,04;4174309,337;100132
Porto Alegre;Metropolitano Delta do Jacuí;4314902;0,813515861;14950706797;57085141369;55205157;3852057516;479394636;32845248682;28;49;332;1169344;2868,269839;8728261,317;496,682;39091,64;57379336,78;1476953
Santo Antônio da Patrulha;Metropolitano Delta do Jacuí;4317608;0,686449902;130019708;181226393;43712;31461971;569441;27061212;;1;3;15131;38,41563259;116376,482;1049,807;21318,25;886391,543;42039
Triunfo;Metropolitano Delta do Jacuí;4322004;0,76289314;98449569;205345117;41547;26559430;199701;68285316;;1;7;15626;32,47194977;1221722,009;818,799;215393,6;5900492,166;26349
Viamão;Metropolitano Delta do Jacuí;4323002;0,60464555;265095801;421656365;232717;58971342;235709;60939103;;2;10;33470;162,5966839;266675,106;1497,017;10722,18;2680846,405;250669
Bossoroca;Missões;4302501;0,739927504;7698009;57148880;26894;2372598;145937;1961416;;;2;1232;4,165598206;11390,34;1610,573;31371,57;218126,538;6537
Caibaté;Missões;4303301;0,725969706;14399115;33381368;16471;3675131;746102;3499974;;;2;1191;18,90134944;7302,994;259,664;24899,84;126366,701;5418
Cerro Largo;Missões;4305207;0,788532632;76988875;219265296;83370;21606575;1534407;30166573;2;1;3;4516;75,63247502;110505,535;177,675;42548,79;590236,748;13755
Dezesseis de Novembro;Missões;4306353;0,641412961;;;;;;;;;;240;12,66324799;918,553;216,848;10331,08;29474,583;2821
Entre-Ijuís;Missões;4306932;0,708278359;13761406;97671946;49683;4635503;149057;4879892;;;2;1837;16,16898992;15058,212;552,601;28768,22;261819,537;9229
Eugênio de Castro;Missões;4307831;0,749163613;1929949;5824138;0;565335;53748;69;;;1;547;6,515326041;8220,682;419,319;58044,25;162233,69;2895
Garruchos;Missões;4308656;0,675459421;368681;2191513;0;352071;523949;0;;;1;446;3,921990276;3275,591;799,849;29913,11;97516,737;3118
Giruá;Missões;4309001;0,729159339;43253237;169984570;102438;11033631;1134371;10869551;;1;3;4430;19,75649622;44843,445;855,921;31861,89;552580,675;17219
Guarani das Missões;Missões;4309506;0,7316562;14425282;78399931;35566;4607808;515165;1873067;1;;2;1601;27,51156642;21589,069;290,496;28913,22;237869,021;8396
Mato Queimado;Missões;4312179;0,727467209;;;;;;;;;;205;15,3611305;805,67;114,64;25916,36;47141,862;1833
Pirapó;Missões;4314555;0,669756738;;;;;;;;;;312;9,086764721;1266,326;291,743;15143,53;41462,992;2696
Porto Xavier;Missões;4315107;0,698455575;17077709;34594794;8333;5436173;482298;9447862;1;;2;2332;37,12167124;9208,112;280,51;11826,04;127744,873;10553
Rolador;Missões;4315958;0,735536972;;;;;;;;;;276;8,304943984;1993,047;295,005;29723,1;76447,825;2502
Roque Gonzales;Missões;4316303;0,704345751;16085238;51935796;7293;3893748;968441;2341089;;;2;946;20,3767227;4356,039;346,621;14870,75;109121,566;7106
Salvador das Missões;Missões;4316477;0,791995789;;;;;;;;;;891;28,41283682;7194,977;94,042;30633,92;84610,899;2750
Santo Ângelo;Missões;4317509;0,748535084;289453570;815802399;203760;60684822;843068;141637946;1;1;7;27550;112,5220059;155628,743;680,498;22123,39;1744119,409;79523
Santo Antônio das Missões;Missões;4317707;0,677590784;5119079;18522754;706;2096839;236311;13172;;;2;1701;6,368693337;10840,196;1710,869;19978,76;225999,679;11232
São Luiz Gonzaga;Missões;4318903;0,737321354;90211501;364650983;133364;21564698;909325;23120222;;1;3;8616;26,38850085;65554,431;1295,678;25035,45;884852,961;35753
São Miguel das Missões;Missões;4319158;0,729015946;4883294;75095144;58095;2983318;530997;2778627;;;2;1571;6,05117889;12743,692;1229,843;46544,02;358295,853;7540
São Nicolau;Missões;4319208;0,631200869;4127405;39854775;22760;1711823;202032;439876;;;2;718;11,62728404;3531,252;485,324;16048,95;92987,593;5618
São Paulo das Missões;Missões;4319307;0,719246987;10739322;34159079;2506;2198530;485251;6436094;;;2;931;27,86239425;4051,283;223,886;17223,47;110660,798;6321
São Pedro do Butiá;Missões;4319372;0,80207681;;;;;;;;;;783;26,74879914;2116,868;107,631;22351,59;66495,987;2837
Sete de Setembro;Missões;4320578;0,761283953;;;;;;;;;;222;16,17779419;1040,621;129,993;23458,47;50506,091;2030
Ubiretama;Missões;4322343;0,687203909;;;;;;;;;;253;17,65699492;1563,908;126,692;19385,27;44624,893;2293
Vitória das Missões;Missões;4323754;0,695442068;;;;;;;;;;386;13,2391404;1606,762;259,609;18283,89;64176,439;3405
Água Santa;Nordeste;4300059;0,867600828;5771664;58309611;40094;1814681;89008;3205509;;;1;743;12,9338707;23398,61;291,792;63439,62;243481,255;3825
Barracão;Nordeste;4301800;0,720266071;7695302;34533149;25945;2856468;359296;1660099;;;2;798;10,29160184;5590,281;516,732;26432,11;145323,762;5268
Cacique Doble;Nordeste;4303202;0,667062622;7197623;5766837;0;715165;240701;0;;;1;421;24,13343272;1926,357;203,908;14689,89;74272,085;5157
Capão Bonito do Sul;Nordeste;4304622;0,702359267;;;;;;;;;;273;3,403406062;3640,727;527,119;59891,36;106786,298;2184
Caseiros;Nordeste;4304952;0,728094955;;;;;;;;;;503;13,05869625;6559,372;235,705;26780,4;84063,687;3046
Ibiaçá;Nordeste;4309803;0,766144281;20070902;55191075;39985;2464124;447545;6809430;;;1;964;13,48561993;6388,781;348,816;33702,35;163456,412;4898
Ibiraiaras;Nordeste;4309902;0,713429983;14555501;77310788;70351;4228046;931562;10017485;2;;2;1535;24,38716115;16804,4;300,65;27234,58;202135,086;8330
Lagoa Vermelha;Nordeste;4311304;0,717182203;111324949;277188036;88521;14678152;1406321;25235858;;1;4;10171;21,79023064;72129,381;1263,502;28670,43;814412,241;28318
Machadinho;Nordeste;4311700;0,705378625;7104303;64528802;23693;1685387;732305;2617850;;;2;703;16,50593527;4495,791;335,031;18136,47;102652,429;5770
Maximiliano de Almeida;Nordeste;4312203;0,713147439;10147608;46946319;7738;1198439;91039;2527768;;;2;841;23,07149814;3215,514;208,439;15767,64;77860,598;4883
Paim Filho;Nordeste;4313607;0,728198374;2479021;5329843;0;612201;159476;0;1;;1;646;22,79613569;3419,756;182,18;17833,25;76254,987;4311
Sananduva;Nordeste;4316600;0,770135126;83589219;305493326;164248;13581978;1081821;14099962;1;1;3;5140;30,7918557;40953,412;504,549;26714,51;428206,948;15891
Santa Cecília do Sul;Nordeste;4316733;0,78924268;;;;;;;;;;251;8,320126783;2311,922;199,396;34647,07;58900,015;1741
Santo Expedito do Sul;Nordeste;4317954;0,761311435;;;;;;;;;;294;19,30250129;1967,386;125,735;21221,36;53138,287;2485
São João da Urtiga;Nordeste;4318424;0,729138366;1905128;5565900;0;498468;275627;0;1;;1;713;27,25249303;6139,645;171,177;20677,14;100304,824;4712
São José do Ouro;Nordeste;4318606;0,791582729;24589693;123318402;158877;5859413;354145;10054829;;;2;3011;20,64975177;12337,005;334,774;30676,65;218295,076;7234
Tapejara;Nordeste;4320909;0,794340102;89172274;357212603;240057;24161525;2532016;15427468;1;1;3;12741;85,37759948;92899,783;238,798;30018,14;627529,303;21131
Tupanci do Sul;Nordeste;4322186;0,748871545;;;;;;;;;;302;11,66413796;1637,381;135,115;24176,85;38634,613;1492
Vila Lângaro;Nordeste;4323358;0,778354601;;;;;;;;;;507;14,03674789;3198,716;152,172;39498,72;86976,172;2073
Ajuricaba;Noroeste Colonial;4300208;0,785470135;10097428;89098650;35621;4739225;1116209;2322985;;;2;1610;22,2281346;12668,813;323,239;27157,28;201506,993;7568
Augusto Pestana;Noroeste Colonial;4301503;0,822400587;12259719;173489412;127234;4433569;105052;5849940;1;;2;1768;20,02653703;16470,791;347,439;33083,24;238397,799;7035
Bozano;Noroeste Colonial;4302584;0,824542725;;;;;;;;;;251;10,90833122;2183,761;201,039;31730,55;71330,27;2201
Catuípe;Noroeste Colonial;4305009;0,756850229;26070171;123648306;308059;4685518;74008;6585106;;;2;1761;15,75460602;14767,043;583,258;28192,61;267181,365;9569
Condor;Noroeste Colonial;4305702;0,817264876;7027578;69952903;39784;2113946;907661;1126852;;;2;2357;14,29744533;15731,436;465,188;37303,91;253330,822;6050
Coronel Barros;Noroeste Colonial;4305871;0,766017501;;;;;;;;;;427;15,31153919;4733,969;162,949;33205,25;84540,576;2887
Ijuí;Noroeste Colonial;4310207;0,831690695;298596833;914435491;393091;76279088;2451879;97853258;2;2;8;34283;116,0820916;254276,372;689,133;33547,79;2760177,913;84203
Jóia;Noroeste Colonial;4311155;0,729480922;2344485;14906081;0;1199125;487961;0;;;1;1334;6,745784188;11106,536;1235,883;41888,92;361459,518;8404
Nova Ramada;Noroeste Colonial;4313334;0,809432939;;;;;;;;;;369;9,534650939;4652,454;254,755;35437,54;87388,976;2464
Panambi;Noroeste Colonial;4313904;0,783719341;113202248;488519985;119920;40846379;1620323;83323254;;1;5;22884;80,37371373;212549,877;490,857;39484,57;1596716,553;41131
Pejuçara;Noroeste Colonial;4314308;0,815092016;4964625;66625794;44186;2278926;368208;3608402;;;2;914;9,501761061;8244,003;414,239;48915,28;199085,203;4099
Aratiba;Norte;4300901;0,850637142;13550674;52877333;17146;2192313;864845;9187590;1;;2;1901;18,91948707;6357,307;342,504;111147,71;743244,712;6963
Áurea;Norte;4301552;0,70390812;11800441;64484529;19091;2918756;1123858;3570485;1;;2;481;23,07774921;3489,854;158,291;18816,19;70523,069;3770
Barão de Cotegipe;Norte;4301701;0,747488005;7051732;10720020;0;1407186;357362;0;1;;1;1735;25,26419381;9072,99;260,131;21407,84;144374,463;6777
Barra do Rio Azul;Norte;4301925;0,763161387;;;;;;;;;;172;13,13044128;730,209;147,139;18722,04;37313,035;1924
Benjamin Constant do Sul;Norte;4302055;0,638375924;;;;;;;;;;199;16,7226859;579,626;132,395;10257,55;23643,658;2345
Campinas do Sul;Norte;4303806;0,779277716;40345634;100322290;39753;3703779;276021;18054697;;1;2;1336;19,87963587;10014,499;276,162;31392,96;177621,393;5715
Carlos Gomes;Norte;4304853;0,738803732;;;;;;;;;;172;18,56773495;638,195;83,155;18350,9;29434,843;1609
Centenário;Norte;4305116;0,756438101;119804;1433652;0;16470;448089;0;;;1;285;21,81179326;1418,409;134,331;16468,13;49997,242;3047
Charrua;Norte;4305371;0,648537503;;;;;;;;;;313;17,16601724;2323,266;198,124;20095,64;70977,818;3386
Cruzaltense;Norte;4306130;0,775628935;;;;;;;;;;234;12,39790752;2584,454;166,883;28044,27;59902,561;2030
Entre Rios do Sul;Norte;4306957;0,764740976;3130865;5250397;0;1304655;32132;0;;;1;635;25,00249858;3053,636;120,068;71422,46;221981,01;2971
Erebango;Norte;4306973;0,699432915;2825800;5520015;0;493989;136214;0;;;1;564;19,53997466;2614,682;153,122;24632,56;75449,544;3093
Erechim;Norte;4307005;0,819632033;552218498;1180943702;393771;101699064;3507239;261694817;4;3;10;67687;227,7229792;526955,404;430,668;40111,8;4056185,316;101920
Erval Grande;Norte;4307203;0,704429535;4233028;4760103;0;800563;450939;0;;;1;837;17,83533118;3206,136;285,725;12624,56;66253,69;4993
Estação;Norte;4307559;0,78522873;8233176;6909918;0;787442;356835;0;1;;1;2636;59,41196418;23315,757;100,266;30428,31;187986,119;6108
Faxinalzinho;Norte;4308052;0,65679732;;;;;;;;;;344;17,91019793;2167,038;143,382;19810,51;51249,791;2673
Floriano Peixoto;Norte;4308250;0,693097537;;;;;;;;;;238;11,50640036;1373,646;168,428;21030,96;42503,561;1869
Gaurama;Norte;4308706;0,761056421;24525412;48502303;9592;2291238;302218;6526620;;;2;1400;28,29712965;14204,775;204,261;26448,62;157713,148;5923
Getúlio Vargas;Norte;4308904;0,751415148;100428712;295452667;118410;11477846;861217;29548484;1;1;3;5253;56,26627025;35122,279;286,566;24427,45;406643,727;16934
Ipiranga do Sul;Norte;4310462;0,832477863;5036037;32678915;15441;276817;193335;5091561;;;1;346;12,12297792;3011,462;157,882;38903,22;77417,413;1907
Itatiba do Sul;Norte;4310702;0,712933774;4034276;3648888;0;467900;1154822;0;1;;1;456;18,68150507;1458,763;212,242;11903,75;48876,796;3962
Jacutinga;Norte;4310900;0,778985475;10183587;7627538;0;814056;708244;0;1;;1;821;19,93909513;7577,952;179,296;33215,43;123694,267;3570
Marcelino Ramos;Norte;4311908;0,739408862;13387218;63877876;15822;1794429;1275213;4363112;1;;2;1073;21,44856132;4109,298;229,759;16759,71;85860,012;4977
Mariano Moro;Norte;4312005;0,750601861;1893694;3078510;0;374220;207490;0;;;1;366;22,19707609;2075,107;98,977;18948,68;42350,301;2169
Paulo Bento;Norte;4314134;0,787841467;;;;;;;;;;500;14,88231646;3907,782;148,364;31930,52;72929,315;2121
Ponte Preta;Norte;4314787;0,778613899;;;;;;;;;;198;16,83137585;1392,394;99,873;25408,59;44642,884;1640
Quatro Irmãos;Norte;4315313;0,796179868;;;;;;;;;;344;6,742889554;2966,312;267,986;43900,94;80865,527;1722
São Valentim;Norte;4319703;0,756517063;10708476;62699973;36583;1752281;212440;8092258;1;;1;626;23,01735544;3654,418;154,188;19766,14;72442,919;3677
Sertão;Norte;4320503;0,785091822;17953841;71420866;46313;2132989;396721;5065930;;;2;1088;13,77789711;6824,25;439,472;33851,13;212754,382;6289
Severiano de Almeida;Norte;4320602;0,774590362;9042406;28983283;4763;525213;313460;3936758;;;2;609;22,54203511;3234,998;167,598;19208,67;75201,942;3892
Três Arroios;Norte;4321634;0,858392309;3552208;2534039;0;340837;144963;0;;;1;389;18,96595819;2385,105;148,582;36016,37;104375,43;2920
Viadutos;Norte;4322905;0,745113009;24982280;52609666;9429;1337554;136221;2667339;;1;1;761;19,34341929;3655,421;268,36;22125,22;118237,158;5394
Igrejinha;ParanhanaEncosta da Serra;4310108;0,744895472;110717877;166075318;28424;24052889;584551;28645389;;1;4;23422;241,2612891;196331,3;135,861;39351,46;1326577,038;33923
Lindolfo Collor;ParanhanaEncosta da Serra;4311627;0,760533874;;;;;;;;;;3413;165,9240399;16175,096;32,991;40339,04;224567,421;5585
Morro Reuter;ParanhanaEncosta da Serra;4312476;0,773165353;;;;;;;;;;2554;66,88726609;9444,374;87,64;21059,79;126527,226;6059
Parobé;ParanhanaEncosta da Serra;4314050;0,665649559;103298218;193918389;30702;18894622;306414;61797798;;1;5;25175;486,6723119;89058,007;108,646;17549,45;958182,28;53952
Presidente Lucena;ParanhanaEncosta da Serra;4315149;0,760529407;;;;;;;;;;2089;52,82644762;7873,821;49,426;26447,81;70139,587;2691
Riozinho;ParanhanaEncosta da Serra;4315750;0,694464173;3439109;4671569;0;1103777;100950;0;;;1;2509;18,16254033;9241,309;239,559;22987,54;104156,536;4050
Rolante;ParanhanaEncosta da Serra;4316006;0,734574567;71910689;113204749;16955;8848015;136935;6271767;1;1;3;12379;67,63023573;35676,805;295,637;20532,85;420492,177;20483
Santa Maria do Herval;ParanhanaEncosta da Serra;4316956;0,752423384;3930787;5204083;0;806400;288488;0;;;1;2877;43,78286222;15310,136;139,598;27180,27;171099,829;6413
Taquara;ParanhanaEncosta da Serra;4321204;0,716600673;201172870;263670687;46568;29589249;150675;77111869;;1;5;19311;120,9859017;78030,183;457,855;17562,31;999225,248;57350
Três Coroas;ParanhanaEncosta da Serra;4321709;0,738145417;76892265;127692797;19701;15277000;834142;25871654;1;1;3;17705;133,1525986;99477,601;185,539;30393,46;776096,963;25166
;;;;;;;;;;;;;;;;;;;
Almirante Tamandaré do Sul;ParanhanaEncosta da Serra;4300471;0,792065258;;;;;;;;;;541;7,710047933;4732,222;265,368;49576,47;104408,04;1970
Camargo;ParanhanaEncosta da Serra;4303558;0,815601358;;;;;;;;;;850;19,22951568;12942,428;138,069;50832,25;137297,913;2635
Carazinho;ParanhanaEncosta da Serra;4304705;0,740755804;200223016;587043319;187832;39860753;1393688;113933819;;1;8;25052;90,10332405;239554,314;665,092;29458,55;1817651,235;62591
Casca;ParanhanaEncosta da Serra;4304903;0,827049344;76024731;182129052;90343;9098101;634690;32939332;1;1;2;4117;31,86431447;31920,564;271,746;34787,01;312839,586;8564
Ciríaco;ParanhanaEncosta da Serra;4305504;0,736821922;3883482;5488802;0;1164041;533961;0;;;1;693;17,71624074;3320,772;273,873;22899,61;115162,115;4909
Coqueiros do Sul;ParanhanaEncosta da Serra;4305850;0,782249856;33676;232011;0;35846;65466;0;;;1;322;8,804241714;3263,267;275,549;31359,8;78305,43;2495
Coxilha;ParanhanaEncosta da Serra;4305975;0,765524935;;;;;;;;;;759;6,655802303;3934,689;422,789;56637,82;163966,478;2920
David Canabarro;ParanhanaEncosta da Serra;4306304;0,796686646;6233972;43559228;7662;1758522;981211;5700053;;;2;812;26,68930313;3967,913;174,939;21989,07;106295,17;4622
Ernestina;ParanhanaEncosta da Serra;4307054;0,757211749;1697042;4099337;0;397817;281893;0;;;1;1059;13,0212798;3942,102;239,147;33382,99;106758,806;3031
Gentil;ParanhanaEncosta da Serra;4308854;0,7482952;;;;;;;;;;565;9,189518189;5444,403;184,014;51288,52;88062,383;1903
Marau;ParanhanaEncosta da Serra;4311809;0,807850423;190391181;472264988;230063;30955903;2928303;82111805;1;1;5;25846;58,68935777;162817,335;649,3;38177,71;1495878,85;39574
Mato Castelhano;ParanhanaEncosta da Serra;4312138;0,775977263;;;;;;;;;;372;10,72724603;3188,847;238,365;39943,61;102215,704;2600
Muliterno;ParanhanaEncosta da Serra;4312625;0,761124113;;;;;;;;;;317;16,44890761;1181,262;111,132;21975,6;41424,014;1882
Nova Alvorada;ParanhanaEncosta da Serra;4312757;0,802544132;2992439;31105648;7248;1866649;133058;2423136;;;2;1115;21,92659445;15896,421;149,362;34034,97;114902,064;3290
Passo Fundo;ParanhanaEncosta da Serra;4314100;0,770979147;768318807;2525618852;544977;200094732;8949733;505363501;2;4;22;95298;240,9368654;960402,831;783,421;36928,93;7180165,043;195455
Pontão;ParanhanaEncosta da Serra;4314779;0,764170085;756304;1911209;233;260883;182826;0;;;1;660;7,692109952;6111,443;505,713;47060,23;187393,831;3918
Santo Antônio do Palma;ParanhanaEncosta da Serra;4317558;0,797648871;;;;;;;;;;596;17,05077165;2915,196;126,094;28568,72;62851,186;2280
Santo Antônio do Planalto;ParanhanaEncosta da Serra;4317756;0,737149119;46203;243491;0;353083;11030;0;;;1;396;9,914471097;3127,578;203,44;41961,52;86147,011;2199
São Domingos do Sul;ParanhanaEncosta da Serra;4318051;0,777260205;2608048;1856183;0;406785;380300;0;;;1;1117;37,47846793;1743,821;78,952;15714,97;47867,797;2889
Vanini;ParanhanaEncosta da Serra;4322558;0,763865872;5981781;34158062;15686;531346;56601;2585534;;;1;325;31,10693201;1296,028;64,873;22764,87;47146,054;2096
Vila Maria;ParanhanaEncosta da Serra;4323408;0,834536825;4361277;48143880;20619;1283937;181068;4063171;;;2;1977;23,363224;16313,308;181,439;43667,07;191130,762;4544
Barra Funda;Rio da Várzea;4301958;0,80964886;760313;12074584;0;388507;218041;0;;;1;1774;39,9946696;8802,739;60,033;38874,72;96253,815;2489
Boa Vista das Missões;Rio da Várzea;4302154;0,764949049;;;;;;;;;;499;10,87185278;3841,497;194,815;53166,61;115531,035;2079
Cerro Grande;Rio da Várzea;4305157;0,698899152;;;;;;;;;;305;32,7487132;944,276;73,438;17348,87;42764,955;2563
Chapada;Rio da Várzea;4305306;0,792060372;22086961;132168185;174806;4444136;408379;6864991;;;2;2564;13,65563417;19847,536;684,04;35832,64;345104,118;9433
Constantina;Rio da Várzea;4305801;0,737908024;40154759;147809494;74796;6764447;1258809;15691392;1;1;2;2569;48,34506574;14463,484;202,999;22061,25;222311,211;10290
Engenho Velho;Rio da Várzea;4306924;0,709454798;;;;;;;;;;238;20,63463078;1573,465;71,191;27502,11;40208,086;1606
Jaboticaba;Rio da Várzea;4310850;0,66010374;;;;;;;;;;414;31,56505509;2309,483;128,053;17115,57;71132,317;3782
Lajeado do Bugre;Rio da Várzea;4311429;0,637534222;;;;;;;;;;291;36,63904141;882,477;67,933;14935,99;38519,91;2433
Liberato Salzano;Rio da Várzea;4311601;0,71857479;3965374;5104808;0;779343;833693;0;;;1;681;23,11635122;3149,276;245,627;15496,54;90298,347;5730
Nova Boa Vista;Rio da Várzea;4312955;0,799830812;;;;;;;;;;491;20,60739829;3609,156;94,238;29747,51;58840,565;2137
Novo Barreiro;Rio da Várzea;4313490;0,752773411;;;;;;;;;;627;32,48828722;2971,831;123,583;16779,26;69432,595;3956
Novo Xingu;Rio da Várzea;4313466;0,801333191;;;;;;;;;;290;21,55354262;1320,518;80,59;22804,59;41071,071;1750
Palmeira das Missões;Rio da Várzea;4313706;0,742333539;126778393;372163634;134684;23955335;2244929;42873760;1;1;3;7931;24,02443234;73584,37;1419,43;29307,95;1029295,215;35238
Ronda Alta;Rio da Várzea;4316105;0,757612643;19817593;128582484;79412;4388781;255893;11223691;;;3;1687;24,45486283;13543,559;419,344;21477,99;227881,438;10263
Rondinha;Rio da Várzea;4316204;0,816442824;14446348;36675155;17120;1104472;501313;5599242;;;2;791;21,49019857;4855,913;252,208;23472,81;131353,865;5431
Sagrada Família;Rio da Várzea;4316428;0,71340464;;;;;;;;;;460;33,6856095;1808,241;78,253;17529,88;46892,438;2631
São José das Missões;Rio da Várzea;4318457;0,692309812;;;;;;;;;;335;27,36820638;1675,725;98,07;16448,82;45415,182;2710
São Pedro das Missões;Rio da Várzea;4319364;0,704815345;;;;;;;;;;369;24,0105046;900,066;79,965;20475,14;40315,557;1961
Sarandi;Rio da Várzea;4320107;0,79903427;97030795;294779954;116087;15336712;1497096;74563695;4;1;3;10867;61,99718722;58968,002;353,387;26926,66;609404,17;22074
Três Palmeiras;Rio da Várzea;4321857;0,743141067;4790675;48850925;24408;1335190;234030;4011253;;;2;729;24,39659134;3998,642;180,599;21354,09;95815,819;4627
Antônio Prado;Serra;4300802;0,771649717;114488942;178109745;29013;14516547;349063;30486415;;1;3;5296;36,81925798;45659,598;347,617;27888,64;369886,981;12754
Bento Gonçalves;Serra;4302105;0,832168449;993739459;2705373030;295893;254363175;7448983;856861509;;3;17;70093;392,2465064;727693,737;274,07;42528,93;4737042,846;112343
Boa Vista do Sul;Serra;4302253;0,76749671;;;;;;;;;;623;30,13366517;3664,638;93,218;20041,17;57317,746;3074
Carlos Barbosa;Serra;4304804;0,881894948;209959840;324084945;28936;29663386;249646;65323279;1;1;4;16008;114,1081651;314758,589;228,669;54211,94;1462421,261;26407
Caxias do Sul;Serra;4305108;0,809885389;2799340081;7815214088;1461384;676167186;4288036;2114172281;3;12;65;289551;275,1992342;3336279,833;1644,296;45883,07;21349577,99;466945
Coronel Pilar;Serra;4305934;0,765997802;;;;;;;;;;188;16,20719414;889,718;105,447;18547,71;32532,681;1576
Cotiporã;Serra;4305959;0,779037081;19987974;2147862;0;1840683;157630;41011;;;1;1011;22,43364757;5022,457;172,375;18543,27;74525,392;3896
Fagundes Varela;Serra;4307864;0,795151445;13161881;22194978;4028;1275329;11289;5709715;;;1;692;19,34547079;3589,43;134,295;22550,9;60639,367;2612
Farroupilha;Serra;4307906;0,799865736;483125760;609131620;176912;74559712;3388147;190629704;;1;8;39617;182,224812;448097,33;360,39;35838,31;2417831,915;67983
Flores da Cunha;Serra;4308201;0,802924401;258738364;384181345;46346;39729207;501592;105769817;;1;4;14759;102,3653146;196466,545;273,452;38433,7;1104546,204;28627
Garibaldi;Serra;4308607;0,847560812;406825878;468532693;42423;38178581;1900246;84278477;;1;6;25296;186,5313141;253871,398;169,237;44781,54;1458893,146;31924
Guabiju;Serra;4309258;0,815348407;;;;;;;;;;309;10,57664839;1881,85;147,022;28380,77;46118,744;1514
Guaporé;Serra;4309407;0,800921203;172637731;238341520;43575;17124199;453435;59154365;;1;3;12812;78,74782889;54211,554;297,659;24569,06;593146,333;24376
Montauri;Serra;4312351;0,773536214;;;;;;;;;;353;18,39691029;3428,087;82,079;30891,66;48438,119;1538
Monte Belo do Sul;Serra;4312385;0,803100866;33041727;17047975;3210;1229502;29743;4171572;;;1;1124;37,67349636;7728,744;69,598;36872,44;100293,03;2763
Nova Araçá;Serra;4312807;0,831286409;9332282;3694661;0;1468451;227242;0;;;1;4130;56,30220604;17202,089;74,704;34034,77;145975,134;4447
Nova Bassano;Serra;4312906;0,865668832;65029376;127236023;25398;9356017;731288;27729099;;1;2;8933;42,5828525;63826,59;211,611;74481,97;695885,023;8767
Nova Pádua;Serra;4313086;0,794828411;17461974;32008407;5142;1847485;371410;17393117;;;2;380;23,83812162;2697,478;103,238;19149,82;48736,282;2395
Nova Prata;Serra;4313300;0,809293107;208246757;363032944;51834;30812159;2424253;56243543;;1;4;11807;91,44595216;108793,369;258,743;34959,24;856326,61;24559
Nova Roma do Sul;Serra;4313359;0,80917395;21827347;26897568;1831;1396692;363045;3957187;;;2;795;23,11913803;7473,652;149,054;26517,23;93340,632;3543
Paraí;Serra;4314001;0,831662022;17170683;34852327;16437;4998923;1312384;10305420;;;2;3447;57,25178269;25751,049;121,446;29478,99;212337,18;7098
Pinto Bandeira;Serra;4314548;0,698757894;;;;;;;;;;233;25,12562814;1615,732;105,072;12214,43;32746,879;2828
Protásio Alves;Serra;4315172;0,782535002;;;;;;;;;;542;11,59621561;1317,551;172,815;22004,13;45064,455;2123
Santa Tereza;Serra;4317251;0,755013719;;;;;;;;;;308;23,39948091;1106,046;73,976;17508,91;31200,885;1642
São Jorge;Serra;4318440;0,80762606;6175308;41807836;34114;1703427;337190;4076295;;;2;634;23,28634839;2356,905;118,052;22175,09;63199,008;2553
São Marcos;Serra;4319000;0,789586923;175017844;234251303;32145;17734392;174802;49435827;;1;3;9294;79,91742503;82381,119;256,252;25995,51;546529,651;21057
São Valentim do Sul;Serra;4319711;0,799190905;;;;;;;;;;474;23,52558543;2143,725;92,24;18930,33;42574,302;2129
Serafina Corrêa;Serra;4320404;0,807242631;97790955;202453881;28550;13035942;1314001;20295198;;1;3;8240;91,21586448;44067,58;163,283;31075,51;478593,945;15075
União da Serra;Serra;4322350;0,797149389;;;;;;;;;;292;10,81770225;839,689;130,989;30199,1;44000,094;1453
Veranópolis;Serra;4322806;0,845367136;244652816;341325168;36264;25979692;675273;83107635;;1;4;11527;80,98374933;118449,603;289,342;35845,88;869334,306;23672
Vila Flores;Serra;4323309;0,796718532;5497696;3346366;0;346981;226550;0;;;1;1585;30,0531003;19871,341;107,909;41659,84;139185,517;3343
Vista Alegre do Prata;Serra;4323606;0,827612334;;;;;;;;;;229;13,07331953;3475,002;119,327;26784,36;43229,95;1453
Amaral Ferrador;Sul;4300638;0,611060591;9250783;5620031;0;1274392;273383;2203;;;1;485;12,76120184;1660,281;506,457;12241,17;81930,13;6288
Arroio do Padre;Sul;4301073;0,686659136;;;;;;;;;;339;22,15304423;1287,991;124,317;14068,09;40192,523;2639
Arroio Grande;Sul;4301305;0,659069005;34161596;134937921;40295;12094111;262648;9186228;;1;4;3954;7,276027144;13205,517;2513,597;23027,78;437044,281;18671
Canguçu;Sul;4304507;0,63195603;198934138;279713803;63467;26140867;962140;31294899;1;1;4;6953;15,2041263;37109,646;3525,293;14020,54;777607,314;54928
Capão do Leão;Sul;4304663;0,597999761;28551155;47911984;3340;7358948;1619430;9303154;;;4;5941;31,23484001;27512,369;785,373;14790,67;373553,071;24782
Cerrito;Sul;4305124;0,629499277;10107405;34525197;16336;2337337;164845;1537709;;;2;804;13,93184399;2178,961;451,699;11406,58;74405,123;6353
Chuí;Sul;4305439;0,721462485;8719552;22693146;3852;3709695;196909;1517829;;;3;1865;30,17990442;13408,865;202,552;21032,81;131854,711;5610
Herval;Sul;4307104;0,627625435;4287235;10494247;0;1468936;95604;0;;;1;978;3,826860041;2639,62;1757,838;12168,43;84801,804;6523
Jaguarão;Sul;4311007;0,688316251;78056383;157627957;43611;13965620;2266041;9020552;;1;3;5497;13,4736383;27388,04;2054,382;18182,3;517868,282;28133
Morro Redondo;Sul;4312450;0,659157124;;;;;;;;;;2838;25,61262237;8308,744;244,645;12327,53;79981,046;6174
Pedras Altas;Sul;4314175;0,703981329;;;;;;;;;;548;1,574739123;1346,609;1377,371;27508,52;61233,976;2024
Pedro Osório;Sul;4314209;0,594576724;17834644;40853325;8197;2808467;240299;4444617;;;2;1526;12,81560606;4423,544;608,789;12333,77;98966,14;8078
Pelotas;Sul;4314407;0,682113165;1315455659;2550194691;420821;222282598;14560598;642442418;1;6;28;118640;205,1365022;549274,338;1610,084;17353,15;5920548,003;342550
Pinheiro Machado;Sul;4314506;0,633427009;28484256;84455110;20340;8499864;1451695;5519235;;1;2;2067;5,592217127;13385,936;2249,555;16077,6;209764,438;12509
Piratini;Sul;4314605;0,631140517;41177731;59512615;16447;7953164;233655;7876652;;;3;3956;5,618291782;11686,383;3539,688;13536,16;279034,364;19627
Rio Grande;Sul;4315602;0,728412985;718514200;1167132376;2671760;156575528;7128545;449194623;;4;15;107338;73,79862574;1769778,517;2709,522;39556,92;8155094,535;209223
Santana da Boa Vista;Sul;4317004;0,627456441;9716414;8787849;441;2216761;553117;60386;;;2;924;5,773551755;3636,37;1420,616;13538,64;114469,179;8038
Santa Vitória do Palmar;Sul;4317301;0,675566632;87014879;198721672;50835;14881401;1653778;16734018;;1;4;8288;5,849148599;29508,156;5244,353;20115,97;636026,737;31866
São José do Norte;Sul;4318507;0,620234926;57462018;56002146;14366;8716937;634488;6320397;;1;3;5157;23,17494616;14790,325;1118,104;10030,56;268026,578;25870
São Lourenço do Sul;Sul;4318804;0,678594807;138160976;252808633;41880;25414528;1388010;40622750;1;1;4;7562;21,14162932;50788,034;2036,125;17467,19;777254,873;43430
Tavares;Sul;4321352;0,655615856;6708725;7607712;0;2251758;125345;0;;;1;860;8,921789124;2505,014;604,251;12464,36;69040,1;5653
Turuçu;Sul;4322327;0,64395701;;;;;;;;;;621;14,00437637;2854,457;253,635;19888,68;71758,349;3593
Alto Feliz;Vale do Caí;4300570;0,761174873;;;;;;;;;;712;37,04545742;3994,099;79,173;19199,66;58270,962;2829
Barão;Vale do Caí;4301651;0,823313114;11355358;8992688;0;468707;547061;0;;;1;2562;47,23346829;16859,441;124,488;32233,73;193660,243;5956
Bom Princípio;Vale do Caí;4302352;0,787422714;48151072;82071662;15457;11372257;862218;19516603;;1;3;7394;139,18015;47854,256;88,504;29324,04;370773,126;12662
Brochier;Vale do Caí;4302659;0,717990192;13424134;35581803;2672;2268139;46519;2254292;;;1;1225;44,5172769;3159,129;106,79;13981,72;68538,405;4642
Capela de Santana;Vale do Caí;4304689;0,656546583;6545921;6756622;258;949495;338156;65476;;;2;2754;65,55976403;14997,957;183,756;12388,66;152665,471;11815
Feliz;Vale do Caí;4308102;0,765990456;100878705;155571305;21328;12162753;714645;28030064;;1;3;5448;132,3672815;34959,744;95,371;24097,33;313072,452;13296
Harmonia;Vale do Caí;4309555;0,782276603;11384263;3801743;0;1350225;195458;0;;;1;1615;98,23283662;10155,179;44,761;21933,23;99072,381;4730
Linha Nova;Vale do Caí;4311643;0,804898475;;;;;;;;;;316;25,93632812;871,997;63,733;23421,89;39629,84;1657
Maratá;Vale do Caí;4311791;0,732898701;7270763;1729031;0;452299;42189;0;;;1;889;31,36279087;4086,223;81,179;32094,57;84697,557;2510
Montenegro;Vale do Caí;4312401;0,77541432;281182595;440801005;141692;47111843;1172741;82991389;1;1;7;26675;143,0030282;447040,503;424,012;41998,9;2624259,421;62587
Pareci Novo;Vale do Caí;4314035;0,741445597;2638120;1103806;199;606544;18559;0;;;1;1174;63,21638853;4599,114;57,406;18169,76;66973,749;3930
Salvador do Sul;Vale do Caí;4316501;0,795811964;36136553;90026560;8610;4997717;697194;5093586;;;2;4871;70,53929278;29272,804;98,555;35476,01;254788,674;6916
São José do Hortêncio;Vale do Caí;4318481;0,739394718;5661650;3567307;0;399447;2422;0;;;1;1549;66,64794971;6604,131;64,113;22571,22;98703,931;4219
São José do Sul;Vale do Caí;4318614;0,762326756;;;;;;;;;;453;36,60602365;2068,549;59,034;20476,57;45417,036;2072
São Pedro da Serra;Vale do Caí;4319356;0,741376387;;;;;;;;;;1193;96,7586967;3604,544;35,387;16176,71;56974,376;3473
São Sebastião do Caí;Vale do Caí;4319505;0,712226109;117915585;168995555;42568;13193682;326963;41289105;;1;4;14685;201,6691345;62338,99;111,435;22778,45;526820,031;23449
São Vendelino;Vale do Caí;4319752;0,814235689;5862652;1787131;0;493734;370581;61;;;1;1453;63,14083585;5838,526;32,087;34478,71;71095,103;2145
Tupandi;Vale do Caí;4322251;0,827953597;7057687;37738811;3592;1910927;450585;1608268;;;2;3687;69,56434114;26996,816;59,542;74204,24;315219,626;4256
Vale Real;Vale do Caí;4322541;0,759622444;593983;1408123;0;269563;82095;0;;;1;1787;117,5335477;6908,209;45,085;16004,65;87177,308;5208
Cacequi;Vale do Jaguari;4302907;0,675122551;12453412;86228519;25250;3768987;47111;1906985;;;3;1917;5,65286426;9477,896;2369,949;18201,38;251797,826;13430
Capão do Cipó;Vale do Jaguari;4304655;0,732500989;;;;;;;;;;550;3,181480196;7762,701;1008,65;70642,66;234392,358;3042
Jaguari;Vale do Jaguari;4311106;0,71862798;54563360;108001425;29612;5740887;219790;4981993;;1;2;1720;16,66466192;9594,422;673,401;16647,81;194363,18;11247
Mata;Vale do Jaguari;4312104;0,656701527;8103880;32036392;14155;1661278;273450;3017955;;;2;616;16,00920858;3950,831;311,883;15938,84;82850,085;4923
Nova Esperança do Sul;Vale do Jaguari;4313037;0,745386411;3947815;32698240;23268;955801;73712;1248027;;;2;2331;25,13612565;7131,166;191;24817,73;123145,559;4807
Santiago;Vale do Jaguari;4317400;0,733092812;141237176;428235975;84429;18271038;9428560;33824820;1;1;6;11553;20,26825707;49504,898;2413,133;16783,88;849398,552;50472
São Francisco de Assis;Vale do Jaguari;4318101;0,678771054;25962298;153124514;114954;8380338;255495;5246834;;1;3;2408;7,548477089;10853,501;2508,453;16281,03;319450,021;18945
São Vicente do Sul;Vale do Jaguari;4319802;0,68401468;7957643;36446434;15832;3813782;2642814;5951996;;;2;1573;7,213068443;5928,938;1175,228;19671,04;172200,257;8567
Unistalda;Vale do Jaguari;4322376;0,640374179;;;;;;;;;;319;4,01569091;906,351;602,387;17898,76;44693,21;2456
Araricá;Vale do Rio dos Sinos;4300877;0,680674996;;;;;;;;;;2526;145,9862288;16676,699;35,291;23599,29;122598,329;5519
Campo Bom;Vale do Rio dos Sinos;4303905;0,752003441;214240365;383698528;40792;54469549;2870282;191905211;1;1;6;37290;1013,336639;422160,996;60,51;34242,92;2168912,239;63424
Canoas;Vale do Rio dos Sinos;4304606;0,705087695;1233487010;2707354091;302235;313797029;8825201;772969222;2;8;35;158665;2526,072496;3130410,997;131,096;33828,32;11451934,11;346413
Dois Irmãos;Vale do Rio dos Sinos;4306403;0,824419742;163241638;336944280;57728;27624727;1048352;38761653;;1;4;19201;441,8319111;179917,559;65,156;44821,73;1323496,119;29818
Estância Velha;Vale do Rio dos Sinos;4307609;0,755524378;160660391;300302849;56311;33642616;148608;58934509;;1;4;22700;849,7708401;121546,134;52,147;25258,92;1149280,985;46270
Esteio;Vale do Rio dos Sinos;4307708;0,752601808;342483395;536037732;73047;63140273;2576097;121395720;;1;8;37232;2940,381558;397215,613;27,676;33221,28;2780620,921;85457
Ivoti;Vale do Rio dos Sinos;4310801;0,815805316;116294608;193294233;99563;36455098;2125948;28406692;;1;3;11388;329,7334959;85275,831;63,151;33306,77;714430,236;21927
Nova Hartz;Vale do Rio dos Sinos;4313060;0,712324249;28731642;58699351;10914;8482965;969876;24157838;;1;3;11342;304,5014227;81946,492;62,558;33127,04;649952,572;19159
Nova Santa Rita;Vale do Rio dos Sinos;4313375;0,711472033;27801925;54996751;9172;8757490;574590;7920125;;1;3;10392;111,6491486;166808,971;217,87;36802,9;914883,185;24266
Novo Hamburgo;Vale do Rio dos Sinos;4313409;0,73990033;998145795;2946531065;382870;337306975;9817998;1045215074;1;6;31;134593;1074,483628;859243,677;223,821;28335,51;7021000,72;244817
Portão;Vale do Rio dos Sinos;4314803;0,732313434;90403690;161593726;29980;23755800;1796205;25690160;;1;4;12282;202,7530739;133885,222;159,894;29258,67;971739,049;32607
São Leopoldo;Vale do Rio dos Sinos;4318705;0,715477181;824763641;1646783245;734701;171317906;6250323;611794786;1;5;22;98529;2133,699313;807742,479;102,738;25958,75;5854217,945;223626
Sapiranga;Vale do Rio dos Sinos;4319901;0,727572661;277330477;464158786;76467;56012101;897319;289313032;1;2;6;43167;553,8846393;230944,847;138,314;27004,76;2125760,512;78501
Sapucaia do Sul;Vale do Rio dos Sinos;4320008;0,677876872;289763822;440819998;66818;50788825;5853724;125956274;1;2;6;35013;2294,122691;309195,452;58,309;19186,93;2630604,797;139807
Arroio do Tigre;Vale do Rio Pardo;4301206;0,725954358;25135453;97755676;64201;5032503;865454;10828748;;1;2;2458;40,35443038;14049,22;316;22088,21;292337,474;12508
Boqueirão do Leão;Vale do Rio Pardo;4302451;0,699519877;15063607;34102305;3189;2142457;107800;7921091;;;2;837;28,8553915;2832,69;265,427;12793,24;101194,524;7696
Candelária;Vale do Rio Pardo;4304200;0,638295193;76483640;130586064;33799;8702282;23666;12184062;;1;3;6018;32,1332281;32956,958;943,945;17963,51;562868,581;31238
Encruzilhada do Sul;Vale do Rio Pardo;4306908;0,623722296;54306563;125416928;81848;8470619;1105454;6600359;;1;3;5255;7,384302392;17685,836;3348,319;12770,67;326456,556;25332
Estrela Velha;Vale do Rio Pardo;4307815;0,747577175;3058381;52380236;73044;846632;270513;3485077;;;1;517;12,84495521;6417,901;281,667;31315,17;117150,06;3493
General Câmara;Vale do Rio Pardo;4308805;0,699366218;12470172;26902279;7891;2321221;181292;1699828;;;2;1526;16,5134017;3973,778;510,01;14597,77;126781,593;8383
Herveiras;Vale do Rio Pardo;4309571;0,65376579;;;;;;;;;;298;24,84781874;1066,907;118,28;16920,83;51710,053;2881
Ibarama;Vale do Rio Pardo;4309753;0,677428781;1921807;2302068;0;698540;246394;0;;;1;501;22,49081693;2193,555;194,924;15284,07;69022,845;4280
Lagoa Bonita do Sul;Vale do Rio Pardo;4311239;0,685210671;;;;;;;;;;260;25,07140883;1266,844;108,53;17536,84;49015,476;2563
Mato Leitão;Vale do Rio Pardo;4312153;0,763904079;;;;;;;;;;2539;87,77204104;8838,542;45,903;25089,71;103520,145;4281
Pantano Grande;Vale do Rio Pardo;4313953;0,643047825;17323527;68881523;49009;6106580;206858;7435014;;;2;2928;11,51297215;16218,352;841,225;23718,89;237876,734;10069
Passa Sete;Vale do Rio Pardo;4314068;0,62720016;1633228;1504716;0;362533;37820;0;;;1;310;17,05579363;2449,683;304,999;15472,08;83874,151;4947
Passo do Sobrado;Vale do Rio Pardo;4314076;0,713160112;10277615;45119993;15412;949184;124300;4721071;;;2;1325;23,09624757;10727,668;265,108;22376,38;141127,801;6335
Rio Pardo;Vale do Rio Pardo;4315701;0,685848101;85840328;206520985;20640;18434064;305180;14825420;;1;3;7422;18,32302816;38846,266;2050,589;17963,2;698067,971;37459
Santa Cruz do Sul;Vale do Rio Pardo;4316808;0,807909041;635571635;2362119991;820659;183191769;953774;522982472;1;2;13;74793;165,0647865;1569458,397;733,409;53579,65;6674791,738;126502
Segredo;Vale do Rio Pardo;4320263;0,663644773;2264401;6139581;0;1048590;249169;0;;;1;515;28,9016637;2228,609;246,318;14545,14;106804,957;6922
Sinimbu;Vale do Rio Pardo;4320677;0,66607566;26588243;70539751;3955;2387803;269271;9620572;;;2;1145;19,75221517;7047,656;510,12;15516,44;161215,849;9936
Sobradinho;Vale do Rio Pardo;4320701;0,715537342;72832613;157962894;57020;9119254;1177678;11426116;;1;3;3807;112,3949908;24291,453;128,084;20275,5;301314,161;14557
Tunas;Vale do Rio Pardo;4322152;0,661430042;;;;;;;;;;471;20,30063465;2079,283;218,072;13868,66;63310,421;4152
Vale do Sol;Vale do Rio Pardo;4322533;0,61010521;12002367;39901450;6271;842510;812924;5694958;;;1;1008;34,06483927;8641,264;328,227;16857,92;194928,167;11421
Vale Verde;Vale do Rio Pardo;4322525;0,62887375;2464551;2329662;752;143031;200489;0;;;1;505;10,06893582;1379,534;329,727;18608,34;63342,795;3214
Venâncio Aires;Vale do Rio Pardo;4322608;0,755899563;314891906;475130977;90476;37542008;539240;40916731;;2;5;30676;86,23572728;257518,64;773,241;37384,46;2585284,989;68638
Vera Cruz;Vale do Rio Pardo;4322707;0,741227071;96779326;175527656;44188;10787147;2167634;12076039;;1;3;7120;79,51980001;47137,717;309,621;22345,59;566192,654;25133
Anta Gorda;Vale do Taquari;4300703;0,768849573;14760479;3268148;0;1559342;138061;0;;;1;1584;24,96666173;12188,608;242,964;23470,85;146340,756;6341
Arroio do Meio;Vale do Taquari;4301008;0,818898017;111143313;177318950;26025;13556937;1153896;23711426;;1;3;10746;121,4634363;110265,383;157,957;42206,16;835344,353;19870
Arvorezinha;Vale do Taquari;4301404;0,729978318;48248154;94921297;20194;4624378;771941;9973967;;1;3;2005;37,75543636;9953,124;271,643;17144,51;181268,871;10301
Bom Retiro do Sul;Vale do Taquari;4302402;0,722713114;15671560;8920931;0;2391287;382806;794990;;;3;4550;113,9495338;17134,356;102,326;16598,84;199252,417;12416
Canudos do Vale;Vale do Taquari;4304614;0,745941387;;;;;;;;;;207;21,69401309;802,8;81,912;19624,88;36129,405;1890
Capitão;Vale do Taquari;4304697;0,754560171;;;;;;;;;;903;36,7731556;1197,141;73,967;19416,17;53219,711;2927
Colinas;Vale do Taquari;4305587;0,801757442;;;;;;;;;;1277;42,05711545;2892,156;58,373;23828;59498,525;2809
Coqueiro Baixo;Vale do Taquari;4305835;0,735773634;;;;;;;;;;117;13,55575942;568,342;112,277;18288,19;28657,594;1534
Cruzeiro do Sul;Vale do Taquari;4306205;0,758492656;47537534;101559059;12305;8008017;69867;7336251;;1;3;4568;80,22449229;24320,726;155,551;20346,33;261979,377;12630
Dois Lajeados;Vale do Taquari;4306452;0,806825579;27648820;39084496;7954;1555044;788704;7999914;;;2;684;24,65285067;2980,852;133,372;21122,77;71880,796;3246
Doutor Ricardo;Vale do Taquari;4306759;0,799630992;;;;;;;;;;576;18,6013483;2865,762;108,433;22290,88;46409,607;1888
Encantado;Vale do Taquari;4306809;0,799229769;118265771;264284296;41953;26648752;417745;61192040;1;1;4;11431;150,531762;70513,274;139,16;28268,58;610855,817;21460
Estrela;Vale do Taquari;4307807;0,808569881;202271926;350975664;42303;34445351;1250116;58308197;;1;3;18356;169,6257927;148385,369;184,176;37041,85;1196785,087;32224
Fazenda Vilanova;Vale do Taquari;4308078;0,688378444;3475912;1756210;0;459637;148438;0;;;1;1512;46,60707126;13564,792;84,794;25708,52;102654,111;4105
Forquetinha;Vale do Taquari;4308433;0,666291009;;;;;;;;;;482;26,17291867;1389,537;93,57;14545,37;36901,601;2558
Ilópolis;Vale do Taquari;4310306;0,774556181;8623557;26543701;9438;2594648;437570;10228264;1;;2;743;35,13019291;4635,505;116,481;22200,32;93574,336;4054
Imigrante;Vale do Taquari;4310363;0,815687589;14675437;7400652;0;2326892;502931;3051222;;;2;1346;41,93249359;30733,069;73,356;53482,7;167668,252;3297
Lajeado;Vale do Taquari;4311403;0,82298653;435837208;835408974;92450;78238219;1074087;199531566;2;2;8;53376;822,2940047;411314,638;90,087;37863,62;2884715,783;77359
Marques de Souza;Vale do Taquari;4312054;0,68059369;;;;;;;;;;958;32,42634371;3754,058;125,176;15319,84;63975,658;4469
Muçum;Vale do Taquari;4312609;0,778130309;51815391;60497647;4411;1874729;33292;2987688;;1;1;2758;43,78995969;11314,245;110,893;32773,16;162882,613;4910
Nova Bréscia;Vale do Taquari;4313003;0,809250451;8113117;15287324;441;1215238;474711;6856834;;;2;749;31,52171799;2950,368;102,818;21730,44;71949,489;3429
Paverama;Vale do Taquari;4314159;0,684794133;20606494;19029348;902;2603250;213163;1369254;;;2;2368;47,46804141;8230,77;171,863;14997,36;125707,853;8557
Poço das Antas;Vale do Taquari;4314753;0,78085013;;;;;;;;;;1496;30,07207234;5031,181;67,571;27901,74;58426,233;2009
Pouso Novo;Vale do Taquari;4315131;0,77917767;7425579;26815100;1677;271426;2703;4249836;;;1;357;16,82123681;1218,675;106,532;20826,52;39112,205;1722
Progresso;Vale do Taquari;4315156;0,737446334;10365992;28337025;1513;1425210;291482;8266449;;;2;891;23,87233693;2958,264;255,861;15397,7;97990,951;5703
Putinga;Vale do Taquari;4315206;0,747150317;4867572;3211407;0;1115123;188867;0;;;1;828;19,66330492;2934,93;205,052;17693,23;74576,971;4024
Relvado;Vale do Taquari;4315453;0,765276909;10519191;15907923;4983;707800;298949;4034665;;;1;269;17,2476648;1233,735;123,437;19247,49;42440,715;2078
Roca Sales;Vale do Taquari;4315800;0,763219294;42792887;77816192;13187;4830631;274916;2730414;;1;2;4825;50,45319682;20222,068;208,629;29927,16;324320,599;10689
Santa Clara do Sul;Vale do Taquari;4316758;0,765674835;12355910;40611456;5058;1985957;244972;3587951;;;2;3818;68,23323023;10185,149;86,644;26548,6;161096,882;6358
Sério;Vale do Taquari;4320453;0,677058606;;;;;;;;;;238;21,90169332;848,446;99,627;15462,29;35207,633;2214
Tabaí;Vale do Taquari;4320859;0,741002859;;;;;;;;;;1037;44,99018511;3142,516;94,754;15338,13;67257,688;4220
Taquari;Vale do Taquari;4321303;0,720200197;73693246;150040412;17100;13371828;173253;12855658;;1;3;7565;74,72418828;56162,555;349,967;20632,59;557884,479;26537
Teutônia;Vale do Taquari;4321451;0,80887004;116082914;318460885;29607;21679588;205851;47323216;1;1;3;17371;160,5177631;110453,409;178,46;32546,29;957219,003;30090
Travesseiro;Vale do Taquari;4321626;0,783297894;;;;;;;;;;715;28,53726486;1798,408;81,122;22984,73;54864,542;2454
Vespasiano Correa;Vale do Taquari;4322855;0,771228544;;;;;;;;;;428;16,94677133;2319,553;113,886;25795,86;51514,34;1899
Westfalia;Vale do Taquari;4323770;0,809757865;;;;;;;;;;1886;44,43888872;10380,091;63,998;35743,98;104551,143;3102
